{
  "duration_seconds": 49.91924476623535,
  "enemy_hits_taken": 2,
  "lives": 4,
  "max_level": 1,
  "powerup_pickup_count": 16,
  "powerup_pickup_latency_avg": 3.0284745544195175,
  "powerups_collected": 16,
  "score": 510,
  "seed": 162780,
  "shots_fired": 119,
  "time_idle": 22.19200105406344
}