{
  "duration_seconds": 158.87150621414185,
  "enemy_hits_taken": 1,
  "lives": 4,
  "max_level": 5,
  "powerup_pickup_count": 20,
  "powerup_pickup_latency_avg": 2.417081093788147,
  "powerups_collected": 20,
  "score": 910,
  "seed": 0,
  "shots_fired": 438,
  "time_idle": 43.248002054169774
}