{"duration_seconds": 52.386741161346436, "enemy_hits_taken": 3, "lives": 4, "max_level": 1, "powerup_pickup_count": 18, "powerup_pickup_latency_avg": 2.9085457854800754, "powerups_collected": 18, "score": 500, "seed": 468473, "shots_fired": 107, "time_idle": 22.17600105330348, "params": {"occlusion_penalty": 5.750338499129173, "enemy_w": 75.74269809915546, "enemy_h": 49.00419876032696}, "objective": -30.15898594591353}