{"duration_seconds": 49.941328048706055, "enemy_hits_taken": 1, "lives": 3, "max_level": 1, "powerup_pickup_count": 16, "powerup_pickup_latency_avg": 2.9052456468343735, "powerups_collected": 16, "score": 480, "seed": 595001, "shots_fired": 135, "time_idle": 20.656000981107354, "params": {"occlusion_penalty": 19.802360256996955, "enemy_w": 30.7946629936731, "enemy_h": 20.136017580742127}, "objective": -36.60604912787676}