{"duration_seconds": 42.732107162475586, "enemy_hits_taken": 1, "lives": 5, "max_level": 1, "powerup_pickup_count": 15, "powerup_pickup_latency_avg": 2.7194526195526123, "powerups_collected": 15, "score": 520, "seed": 596105, "shots_fired": 135, "time_idle": 14.960000710561872, "params": {"occlusion_penalty": 11.905983542275502, "enemy_w": 32.81230834873031, "enemy_h": 41.50113110506946}, "objective": -37.90816652774811}