{"duration_seconds": 45.02127695083618, "enemy_hits_taken": 0, "lives": 7, "max_level": 1, "powerup_pickup_count": 14, "powerup_pickup_latency_avg": 2.915660551616124, "powerups_collected": 14, "score": 510, "seed": 930679, "shots_fired": 140, "time_idle": 19.792000940069556, "params": {"occlusion_penalty": 11.905983542275502, "enemy_w": 32.81230834873031, "enemy_h": 41.50113110506946}, "objective": -37.520892773355754}