{"duration_seconds": 48.982243061065674, "enemy_hits_taken": 3, "lives": 7, "max_level": 1, "powerup_pickup_count": 18, "powerup_pickup_latency_avg": 2.615783267550998, "powerups_collected": 18, "score": 490, "seed": 326079, "shots_fired": 108, "time_idle": 20.080000953748822, "params": {"occlusion_penalty": 12.27515908372369, "enemy_w": 37.79861094955335, "enemy_h": 28.678524594224456}, "objective": -33.70986530515883}