{
  "duration_seconds": 45.731730937957764,
  "enemy_hits_taken": 1,
  "lives": 3,
  "max_level": 1,
  "powerup_pickup_count": 17,
  "powerup_pickup_latency_avg": 2.9927031292634854,
  "powerups_collected": 17,
  "score": 500,
  "seed": 1731146620,
  "shots_fired": 129,
  "time_idle": 18.608000883832574
}