{"duration_seconds": 45.68475008010864, "enemy_hits_taken": 5, "lives": 2, "max_level": 1, "powerup_pickup_count": 15, "powerup_pickup_latency_avg": 2.942510557174683, "powerups_collected": 15, "score": 520, "seed": 184279, "shots_fired": 138, "time_idle": 20.240000961348414, "params": {"occlusion_penalty": 19.802360256996955, "enemy_w": 30.7946629936731, "enemy_h": 20.136017580742127}, "objective": -2.843994641304022}