{"duration_seconds": 51.45795297622681, "enemy_hits_taken": 1, "lives": 4, "max_level": 1, "powerup_pickup_count": 15, "powerup_pickup_latency_avg": 3.400671895345052, "powerups_collected": 15, "score": 520, "seed": 632474, "shots_fired": 124, "time_idle": 24.00000113993883, "params": {"occlusion_penalty": 5.488293217969029, "enemy_w": 61.952715568961544, "enemy_h": 40.52193330362854}, "objective": -28.841711076100665}