{"duration_seconds": 48.929863929748535, "enemy_hits_taken": 2, "lives": 4, "max_level": 1, "powerup_pickup_count": 16, "powerup_pickup_latency_avg": 2.9638717025518417, "powerups_collected": 16, "score": 490, "seed": 40999, "shots_fired": 130, "time_idle": 20.624000979587436, "params": {"occlusion_penalty": 12.27515908372369, "enemy_w": 37.79861094955335, "enemy_h": 28.678524594224456}, "objective": -29.588200218975544}