{"duration_seconds": 47.88693690299988, "enemy_hits_taken": 2, "lives": 2, "max_level": 1, "powerup_pickup_count": 15, "powerup_pickup_latency_avg": 2.8776663144429526, "powerups_collected": 15, "score": 480, "seed": 911911, "shots_fired": 89, "time_idle": 19.12000090815127, "params": {"occlusion_penalty": 5.750338499129173, "enemy_w": 75.74269809915546, "enemy_h": 49.00419876032696}, "objective": -24.67422993977864}