{"duration_seconds": 47.41295289993286, "enemy_hits_taken": 2, "lives": 4, "max_level": 1, "powerup_pickup_count": 16, "powerup_pickup_latency_avg": 2.701528936624527, "powerups_collected": 16, "score": 510, "seed": 393986, "shots_fired": 136, "time_idle": 18.944000899791718, "params": {"occlusion_penalty": 5.488293217969029, "enemy_w": 61.952715568961544, "enemy_h": 40.52193330362854}, "objective": -31.236282631754875}